<?xml version="1.0" encoding="UTF-8"?>
<beans xmlns="http://www.springframework.org/schema/beans"
	xmlns:xsi="http://www.w3.org/2001/XMLSchema-instance"
	xmlns:context="http://www.springframework.org/schema/context"
	xmlns:aop="http://www.springframework.org/schema/aop"
	xmlns:tx="http://www.springframework.org/schema/tx"
	xsi:schemaLocation="http://www.springframework.org/schema/beans http://www.springframework.org/schema/beans/spring-beans.xsd
		http://www.springframework.org/schema/context http://www.springframework.org/schema/context/spring-context-3.1.xsd
		http://www.springframework.org/schema/aop http://www.springframework.org/schema/aop/spring-aop-4.3.xsd
		http://www.springframework.org/schema/tx http://www.springframework.org/schema/tx/spring-tx-4.3.xsd">
		

	<context:property-placeholder location="classpath:database/jdbc.properties" />
	
	<bean id="dataSource" class="org.apache.commons.dbcp.BasicDataSource">
		<!-- <property name="driverClassName" value="${jdbc.driverClassName}" />
		<property name="url" value="${jdbc.url}" /> -->
		<property name="driverClassName" value="net.sf.log4jdbc.sql.jdbcapi.DriverSpy" />
        <property name="url" value="jdbc:log4jdbc:mysql://127.0.0.1:3306/mess?allowPublicKeyRetrieval=true&amp;useSSL=false&amp;serverTimezone=UTC" />
		<property name="username" value="${jdbc.username}" />
		<property name="password" value="${jdbc.password}" />
	</bean>
	
<!-- 	<bean id="hikariConfig" class="com.zaxxer.hikari.HikariConfig">
	<property name="driverClassName" value="net.sf.log4jdbc.sql.jdbcapi.DriverSpy"></property>
		<property name="jdbcUrl" value="jdbc:log4jdbc:oracle:thin:@localhost:1521:XE"></property>
		   <property name="driverClassName" value="${jdbc.driverClassName}"></property>
		<property name="jdbcUrl" value="${jdbc.url}"></property>
		<property name="username" value="${jdbc.username}"></property>
		<property name="password" value="${jdbc.password}"></property>
	</bean> -->
		<!-- HikariCP configuration -->
<!-- 	
	<bean id="dataSource" class="com.zaxxer.hikari.HikariDataSource" destroy-method="close">
		<constructor-arg ref="hikariConfig" />
	</bean> -->

	<bean id="jdbcTemplate" class="org.springframework.jdbc.core.JdbcTemplate">
		<property name="dataSource" ref="dataSource" />
	</bean>

	<bean id="txManager"
		class="org.springframework.jdbc.datasource.DataSourceTransactionManager">
		<property name="dataSource" ref="dataSource" />
	</bean>
	<tx:annotation-driven  />
	

	<context:component-scan base-package="com.coderby.myapp.hr" /> 
</beans>
